hashtag,avg_engagement_rate,avg_reach,uses,avg_likes,posts
#veganbeauty,0.1860534256157066,19781.624562105895,19982,2975.148633770393,19982
#boldlooks,0.1858239932147589,19855.772198837443,19956,2976.0964121066345,19956
#crueltyfree,0.18540849141769844,19855.59726692083,20197,2970.7395157696687,20197
#sugarcosmetics,0.18522183925257837,19735.517118294705,19891,2946.2512694183297,19891
#makeupgoals,0.18508130730879258,19810.060495554,20018,2963.683584773704,20018
