post_type,avg_likes,avg_comments,avg_saves,avg_shares,avg_reach,posts
Image,2953.540688765223,366.8226469876603,176.88523268005486,160.7231228324865,19863.633518832165,12399
Reel,2959.591713628066,369.2073180411144,178.0007937137868,162.20454004286054,19729.682990713547,12599
Story,2964.2350403451305,370.65135415834465,177.5777742270512,164.61979707597666,19742.28545178557,12517
Video,2940.8171405686826,370.047336804165,176.44100921105326,161.66367641169404,19659.24173007609,12485
