weekday,avg_engagement_rate,posts,avg_likes
Monday,0.18481461540385136,7094,2958.378770792219
Tuesday,0.1857438120536925,7355,2958.205302515296
Wednesday,0.1862918944349565,7179,2973.8848028973393
Thursday,0.18476555953653806,7068,2965.070599886814
Friday,0.1856803916269179,7245,2962.5563837129052
Saturday,0.18595158883750718,7031,2926.2195989190727
Sunday,0.18417350104302846,7028,2936.728941377348
